sequence,seq_name,weight,kd
1.3.3.18<sep><start>GGFQQCIPGYQSYCLNGASCFISEKIEGYTCQCRRGFRGLRCEEEDQEIR<end><|endoftext|>,aswini.seed2_1,0.9173,1e-05
1.3.3.18<sep><start>MKGHFAECPEQYKHYCIHGKCRYVIAENTPSCVCDEGYIGARCERVDLFA<end><|endoftext|>,aureliabustos.bce_var464,86.46295335065724,5.52719536381237e-08
1.3.3.18<sep><start>PEILPCPPEHDGYCLHGGKCMYITALNKIACNCVVGYIGERCQYRDLSRPE<end><|endoftext|>,aureliabustos.wwt_noised_I_scaffold_shorted_var6640,8.033946527499133,2.9014521784e-06
1.3.3.18<sep><start>PTILPCPPEHDGYCLHGGTCMYITALNKVACNCVVGYIGERCQYRDLSRPE<end><|endoftext|>,aureliabustos.wwt_noised_I_scaffold_shorted_var9391,12.546237210500669,1.6922164082e-06
1.3.3.18<sep><start>SLSVPCGPEHAGYCVHGECRHSYLLNQVSCVCHDGWTGERCELPDLLAIVVMVMVMVM<end><|endoftext|>,biolucasmachado.engineered_binder_2,0.8235999999999999,1e-05
1.3.3.18<sep><start>KLFSQCPRNYDSYCLNGGSCFLAEDIRGYTCQCREGYSGIRVETFDQIWT<end><|endoftext|>,eceiiitn786.8s2,0.879,1e-05
1.3.3.18<sep><start>SCPSSYEGYCLNDGTCIYHENLNKYGCRCVPGYYGERCEYLDLTLND<end><|endoftext|>,a.tucs.Andrejs_Tucs_seq7,5.020086496898034,4.5920695175e-06
1.3.3.18<sep><start>SLEEEIKRLYEEHPGRYAECPEEYKNYCKHGTCLYDVKKNKPVCLCDKGYLGPRCEKKDLSLLL<end><|endoftext|>,nitesh.mishra3.stepwise_rfdiff_egfr_binder_1,0.7727999999999999,1e-05
1.3.3.18<sep><start>SHFNDCPDTYKHFCFHGTCRFLKLENKPACICHPGYVGARCEEADLLAVVASHTIHKP<end><|endoftext|>,paulafcfranklin.synth_rosetta_5,0.8123,1e-05
1.3.3.18<sep><start>ECPSEYAGYCLNGGKCVYISALNTYACNCVPGWVGERCEYRDFLADE<end><|endoftext|>,a.tucs.Andrejs_Tucs_seq5,20.348308916210183,8.3637292761245e-07
1.3.3.18<sep><start>ECGPEYEGYCLNGGTCLYIKKLNKYACNCPVGYVGERCEYVDLLANE<end><|endoftext|>,a.tucs.Andrejs_Tucs_seq8,14.552629074435712,1.3836146996e-06
1.3.3.18<sep><start>AECPEEYKNYCKHGTCLYDVKKNKPVCLCDKGYLGPRCEKKDLSLLL<end><|endoftext|>,nitesh.mishra3.stepwise_scaffold_egfr_binder_6,0.9209,1e-05
1.3.3.18<sep><start>TCSEEYNGYCLHNAKCYVIEALNDIGCQCQKGFIGPRCSFKELNEEN<end><|endoftext|>,s1995825.cotimed_egf_netsolp_usability_8,0.9378,1e-05
1.3.3.18<sep><start>SSAVPCGPEHRGFCVHGTCRYHPLLNQVCCVCHDGWTGERCELPDLLAI<end><|endoftext|>,biolucasmachado.engineered_binder_3,0.8974,1e-05
1.3.3.18<sep><start>SSFLTYCLHGTPKYESSLNKWSCVCDPGWYGERCEFKDLL<end><|endoftext|>,antorsae.TA525_0_0,0.9568000000000001,1e-05
1.3.3.18<sep><start>CLHGTPVYISSLNKWSCVCDKGWYGERCEFRDLL<end><|endoftext|>,antorsae.ta397unsafety_2,0.9892000000000001,1e-05
1.3.3.18<sep><start>LLFFSQCPLSHDGYCLHDGVCMYIEALDKYACNCVVGYIGERCQYRDLKWWWTHYY<end><|endoftext|>,youngsuko2000.last,0.8859999999999999,1e-05
1.3.3.18<sep><start>NLPGTCPPSHDGYCKHGGTCYYIPALNKYACNCVVGYIGERCQYRDEAYAAKK<end><|endoftext|>,AmirM.MHosseini.seq4,0.8639999999999999,1e-05
1.3.3.18<sep><start>NSPNLCPPSHDGYCKHGGKCYYIPALNKYACNCVVGYIGERCQYRDEAYWAKR<end><|endoftext|>,AmirM.MHosseini.seq9,0.9069,1e-05
1.3.3.18<sep><start>SCPESLKGYCLNDGECIYIEKLNVIACRCQVGWVGERCEYLDLLYNE<end><|endoftext|>,a.tucs.Andrejs_Tucs_seq1,8.86254339546946,2.6201370049e-06
1.3.3.18<sep><start>ECPPSLEGYCQNGGTCKYIEKLNKYACNCVPGYIGEHCEYRDLLMDE<end><|endoftext|>,a.tucs.Andrejs_Tucs_seq2,0.978,1e-05
1.3.3.18<sep><start>NCPSEFEGYCLNGGTCIYISSLNKYACNCQPGYTGERCEYPDLLASE<end><|endoftext|>,a.tucs.Andrejs_Tucs_seq3,18.372040727004926,9.81592226239197e-07
1.3.3.18<sep><start>TCPEYYKGYCLHNAKCYYIESLNDVGCQCKKGFVGPRCSFKNLNEEN<end><|endoftext|>,s1995825.cotimed_egf_netsolp_usability_3,0.9361999999999999,1e-05
1.3.3.18<sep><start>TCPEYYKGYCLHNAECYYIEALNDVGCQCKKGFVGPRCSFKNLNDGN<end><|endoftext|>,s1995825.cotimed_egf_netsolp_usability_7,0.9388000000000001,1e-05
1.3.3.18<sep><start>THFSQCPRGYDSYCLNGGSCFYVEDIRGYTCQCREGYSGSRNETYDEIVT<end><|endoftext|>,aswini.seed2_3,0.8769,1e-05
1.3.3.18<sep><start>VKGHFAECPEQYKHYCIHGTCRYVIAENTPSCVCDEGYIGARCERVDLFA<end><|endoftext|>,aureliabustos.bce_var433,89.37976231055376,5.15757654471921e-08
1.3.3.18<sep><start>PKLLPCPPEHDGYCLHGGTCMYIEALNKIACNCVVGYIGERCQYRDLSAPE<end><|endoftext|>,aureliabustos.wt_noised_I_scaffold_shorted_var71,10.900513648364827,2.035465641e-06
1.3.3.18<sep><start>PEILPCPPEHDGYCLHGGTCMYIKALNKVACNCVVGYIGERCQYRDLSRPD<end><|endoftext|>,aureliabustos.wwt_noised_I_scaffold_shorted_var8423,13.347570757326956,1.555597725e-06
1.3.3.18<sep><start>NNLYKRCAQSHDGYCLHDGVCMYIEALDKYACNCVVGYIGERCQYRDLKWWWREES<end><|endoftext|>,youngsuko2000.queen,38.60366466428724,2.73603773280931e-07
1.3.3.18<sep><start>TCPEEYSGYCLHNAKCYYIEALNDVGCQCVKGFVGPRCAFKNLNEGN<end><|endoftext|>,s1995825.cotimed_egf_netsolp_usability_4,0.9233,1e-05
1.3.3.18<sep><start>TCPEEYKGYCLHNAKCYYIEALNDVGCQCQKGFVGPRCSFKNLNEGN<end><|endoftext|>,s1995825.timed_egf_netsolp_usability_consensus_1,0.9269000000000001,1e-05
1.3.3.18<sep><start>PENYKSCPPSHDGYCLHGGVCMYISALQAYACNCIQGFVGERCQHSDLEWWE<end><|endoftext|>,stocco.filippo.1.3.3.18_4_2_iteration0_1.0407930462953479,35.00160692746729,3.28051098894835e-07
1.3.3.18<sep><start>SHFSECPDEYRHYCFHGTCRWLVIEAKPTCVCHSGYIGARCEHADLEAVVLSSRHRVW<end><|endoftext|>,joaosartori2.c1,9.988818833147533,2.2341233624e-06
1.3.3.18<sep><start>PSTVESCPLSHEGYCLYEGVCFYFPEMESYACNCVSGYMGERCQFSDLEWLELQ<end><|endoftext|>,stocco.filippo.1.3.3.18_40_0_iteration12_1.0321554292304749,20.496822739298967,8.19764243324129e-07
1.3.3.18<sep><start>ANSYSPCPLEYKGYCKNGGVCVYIEATNTYACICVPGYYGPRCEYKDPK<end><|endoftext|>,nitesh.mishra3.stepwise_egf_based_egfr_binder_3,0.9240999999999999,1e-05
1.3.3.18<sep><start>SVDEECPESYDGYCLNGGTCVYLETLDSYACRCAEGYVGERCEHKDLDWWEEQ<end><|endoftext|>,kerrding.seq5,7.261940620896235,3.237179228e-06
1.3.3.18<sep><start>SYFTPCGPEFNGYCVHGECRYVALLNQVACICHDGWTGERCELPDLLAIVASSRNSVD<end><|endoftext|>,biolucasmachado.engineered_binder_6,0.8264,1e-05
1.3.3.18<sep><start>SHFNECPESHRHFCFHGTCRFLPLENKPACICHPGYVGARCEEADLLAVVASISNKLS<end><|endoftext|>,paulafcfranklin.synth_rosetta_10,0.8081,1e-05
1.3.3.18<sep><start>SHFSECPDTHRHFCFHGTCRFLLLENKPACICHPGYVGARCEEADLLAVVAASTNRSP<end><|endoftext|>,paulafcfranklin.synth_rosetta_8,0.8107,1e-05
1.3.3.18<sep><start>TCPEEYQGYCLHNAQCYYIESLNDVGCQCKKGFIGPRCSFKNLNENN<end><|endoftext|>,s1995825.cotimed_egf_netsolp_usability_1,0.9259999999999999,1e-05
1.3.3.18<sep><start>SHFNDCPDTYRHFCFHGTCRFLKLENKPACICHPGYVGARCEEADLLAVVASSRIRVE<end><|endoftext|>,paulafcfranklin.synth_rosetta_6,0.8109,1e-05
1.3.3.18<sep><start>SKCPEDLTHYCIHGQCRYIKQQNAPSCRCQHGYIGSRCEYVDLDW<end><|endoftext|>,stocco.filippo.1.3.3.18_37_0_iteration3_1.024851931427025,0.9526999999999999,1e-05
1.3.3.18<sep><start>FFYYSMCPLSHDGYCLHDGVCMYIEALDKYACNCVVGYIGERCQYRDLKWLLAEII<end><|endoftext|>,youngsuko2000.fast4,0.8688,1e-05
1.3.3.18<sep><start>YSAVRRCERSHDGYCLHDGVCMYIEALDKYACNCVVGYIGERCQYRDLKWIAGLII<end><|endoftext|>,youngsuko2000.ysar,25.8124918929879,5.61002076264709e-07
1.3.3.18<sep><start>SHFTECPDSYRHFCFHGTCRFLVLENKPACICHPGYVGARCEEADLLAVVASHRTRVA<end><|endoftext|>,paulafcfranklin.synth_rosetta_3,0.8113999999999999,1e-05
1.3.3.18<sep><start>SHFSECPEEYRHFCFHGTCRFLWLENKPACICHPGYVGARCEEADLLAVVASSRNRGP<end><|endoftext|>,paulafcfranklin.synth_rosetta_9,0.8103,1e-05
1.3.3.18<sep><start>TCPAYYKGYCLNNARCYYIESLNDVGCQCQKGFVGPRCSFKNLNETN<end><|endoftext|>,s1995825.cotimed_egf_netsolp_usability_2,0.9252,1e-05
1.3.3.18<sep><start>TCPEEYNGYCLNNAKCYYLKALNDVGCQCQKGFVGPRCAFKNLNENN<end><|endoftext|>,s1995825.cotimed_egf_netsolp_usability_5,1.7726637799170177,8.2917189784e-06
1.3.3.18<sep><start>TCPEEYKGYCLHNAKCYRIEALNDVGCQCKKGFVGPRCSFKNLNENN<end><|endoftext|>,s1995825.timed_egf_netsolp_usability_consensus_2,0.9296,1e-05
1.3.3.18<sep><start>SHFSKCPDSYNGYCVHGKCRFYELENKVSCVCDRGWTGERCELPDLLAIVAVVGASVV<end><|endoftext|>,biolucasmachado.engineered_binder_1,0.8171999999999999,1e-05
1.3.3.18<sep><start>SHFSSCPENYRGYCVHGTCRHSFLLNQVCCVCHKGWTGERCELPDLLAIVSS<end><|endoftext|>,biolucasmachado.engineered_binder_5,0.877,1e-05
1.3.3.18<sep><start>CPKEYVHFCIHGTCRFVQEQNTPSCRCESGYIGARCEYVDLDW<end><|endoftext|>,stocco.filippo.1.3.3.18_13_0_iteration12_1.0279718223732435,0.9730000000000001,1e-05
1.3.3.18<sep><start>TYDGYCLNGGKCEHVESLDKYTCNCVSGYTGDRCQERDLRWLEHQ<end><|endoftext|>,alex.naka.Charizard,0.9793000000000001,1e-05
1.3.3.18<sep><start>SLFSRCPKRYHGICNNNGQCRYAINLRTYTCICKSGYTGDRCQELDIRYLLLLN<end><|endoftext|>,alex.naka.Ivysaur,0.8674,1e-05
1.3.3.18<sep><start>SLFRRCPARYHGICGNNGQCRYAINLRTYTCRCVSGYTGPRCQELDIRYLLLLN<end><|endoftext|>,alex.naka.Wartortle,0.8646,1e-05
1.3.3.18<sep><start>SVLVPCGPEYAGYCVHGDCRHVWLLNQVCCVCHDGWTGERCELPDLLAIVAAAAAAAA<end><|endoftext|>,biolucasmachado.engineered_binder_7,0.8249,1e-05
1.3.3.18<sep><start>SHFNKCPENHRGFCFHGTCRFLYLENKPACICHPGYVGARCEEADLLAVVS<end><|endoftext|>,paulafcfranklin.synth_rosetta_7,0.8771,1e-05
1.3.3.18<sep><start>PDTIASCPSSHESYCLYQGVCFYFPEMESYACNCVSGYMGERCQFSDLQWWELQ<end><|endoftext|>,stocco.filippo.1.3.3.18_65_0_iteration3_1.028317065130863,33.960846747261,3.45939926111684e-07
1.3.3.18<sep><start>TCPAYYKGYCLNNARCYYITVLNDVGCQCQKGFDGGRCAFVNLLLDV<end><|endoftext|>,tadaskluonis.cotimed_egf_BCseq_1,0.9482999999999999,1e-05
1.3.3.18<sep><start>PNLESCPSSHDSYCLYQGVCFYFPEMESYACKSVQGYVGERCQFSDLEWWDLQ<end><|endoftext|>,stocco.filippo.1.3.3.18_51_2_iteration3_1.0356664070457622,0.8647,1e-05
1.3.3.18<sep><start>TCPAYYKGYCLNNARCYYIETLNDVGCQCQKGFVGPRCSFKNLNETT<end><|endoftext|>,tadaskluonis.cotimed_egf_BCseq_2,0.9257,1e-05
1.3.3.18<sep><start>AVLEVCPESKEDFCQNDGTCVYNEKEEAYSCECVEGYVGDKCEEIDPDVFEER<end><|endoftext|>,kerrding.seq9,0.9018999999999999,1e-05
1.3.3.18<sep><start>TYCLHGTPVYISSLNKWSCVCDKGWYGERCE<end><|endoftext|>,antorsae.TA_4_5,0.9479,1e-05
1.3.3.18<sep><start>YCLHGTPVYISSLNKWSCVCDKGWYGERCEFRD<end><|endoftext|>,antorsae.TA_5_2,1.0198,1e-05
1.3.3.18<sep><start>PSFSICPSNYDSYCLNGGQCFLAEIIHGYTCQCRSGYSGGRVETFDQIYE<end><|endoftext|>,aswini.seed1,0.8966000000000001,1e-05
1.3.3.18<sep><start>LSRSICPSNYDSYCLNGGQCFLAEDISGYTCMCRLGYSGRRVETFDQIYT<end><|endoftext|>,aswini.seed1_1,0.9019999999999999,1e-05
1.3.3.18<sep><start>EKGHFKECPEQYKHYCIHGTCRYVIAENTPSCVCDEGYIGARCERVDLFA<end><|endoftext|>,aureliabustos.bce_var702,61.84251781478529,1.09730202432046e-07
1.3.3.18<sep><start>PEILPCPPEHDGYCLHGGTCMYITALNKIACNCVVGYIGERCQYRDLSRPD<end><|endoftext|>,aureliabustos.wwt_noised_I_scaffold_shorted_var7524,12.892494739357836,1.6320881052e-06
1.3.3.18<sep><start>SHFSECPESHRGFCFHGTCRLLVNEPTPHCVCHSGYDGARCEHADLAATVLSSDRRVI<end><|endoftext|>,joaosartori2.c6,0.8268,1e-05
1.3.3.18<sep><start>SCPSSLEGYCLNNGSCKYISDLNKYACNCVPGYTGERCEFLDFLIDE<end><|endoftext|>,a.tucs.Andrejs_Tucs_seq4,0.9562999999999999,1e-05
1.3.3.18<sep><start>NCPESLKGWCLNDGECVYEEKVNKYYCNCKTGYIGERCEYPDLLLNE<end><|endoftext|>,a.tucs.Andrejs_Tucs_seq6,0.9884999999999999,1e-05
1.3.3.18<sep><start>SCPSFLDGYCYNNGTCLYIEKLNTIACNCVPGYTGERCEYIDLLLNE<end><|endoftext|>,a.tucs.Andrejs_Tucs_seq9,0.9614,1e-05
1.3.3.18<sep><start>SLPRPCGPEDRGYCVHGTCRYSYLLNQVSCVCDDGWTGERCELPDLLAI<end><|endoftext|>,biolucasmachado.engineered_binder_9,0.9157,1e-05
1.3.3.18<sep><start>SVDEECPESYDGYCLNGGTCVYLEELDSYACRCPEGYIGERCEYKDLDWWEEQ<end><|endoftext|>,kerrding.seq6,1.4656836281005883,8.8885980802e-06
1.3.3.18<sep><start>SHFTPCPETHRGFCFHGTCRYLVDVAAPSCVCHSGYYGARCEHADLKSDVALLLLLLL<end><|endoftext|>,joaosartori2.c3,0.8184,1e-05
1.3.3.18<sep><start>KCPAIYKGYCLNWAKCYYIITLVWVGCQCLKGFCGPRCAFHNLLWPW<end><|endoftext|>,tadaskluonis.cotimed_egf_BCseq_0,0.9436,1e-05
1.3.3.18<sep><start>ELFSRCPKRYHGICGNNGQCRYAINLRTYTCRCVSGYTGDRCQELDIRYLLLLN<end><|endoftext|>,alex.naka.Blastoise,0.8895,1e-05
1.3.3.18<sep><start>SYEGYCENGGTLQHIESLDSYTCKCLKGYTGDRCQSQDLRYLYLE<end><|endoftext|>,alex.naka.Charmeleon,0.9732000000000001,1e-05
1.3.3.18<sep><start>NLFSNCPRRYHGICTNNGSCQYAINLRTYTCRCKSGYTGARCQEQDIRYL<end><|endoftext|>,alex.naka.Squirtle,0.9054,1e-05
1.3.3.18<sep><start>NLFSRCPKRYHGICENNGQCRYAINLRTYTCICDSGYTGDRCQELDIRYLLLLN<end><|endoftext|>,alex.naka.Charmander,0.8661000000000001,1e-05
1.3.3.18<sep><start>SRFSNCPRRYRGICTNSGECTYAKNLRTYTCQCVSGYTGHRCEELDIRYL<end><|endoftext|>,alex.naka.Venusaur,0.9022999999999999,1e-05
1.3.3.18<sep><start>SSFSSYCLHGTPFYESSLNKWSCRCDKGYYGPRCEYKDLL<end><|endoftext|>,"antorsae.T=0.1,_sample=939,_score=0.9451,_global_score=1.3625,_seq_recovery=0.4250",0.9776,1e-05
1.3.3.18<sep><start>TYCLHGTPVYISSLNKWSCVCDKGWYGERCEF<end><|endoftext|>,antorsae.TA_4_4,0.9686999999999999,1e-05
